"country","genre","count"
"United Kingdom","Documentaries","41"
"Taiwan","International TV Shows, Romantic TV Shows, TV Comedies","31"
"Egypt","Comedies, International Movies","29"
" France","Dramas, Independent Movies, International Movies","26"
"Turkey","Comedies, International Movies","24"
" United States","Documentaries, International Movies","23"
"Philippines","Dramas, International Movies, Romantic Movies","21"
"Hong Kong","Action & Adventure, International Movies","20"
"Indonesia","Dramas, International Movies, Romantic Movies","19"
"Mexico","Crime TV Shows, International TV Shows, Spanish-Language TV Shows","18"
" Canada","Kids' TV","18"
"Nigeria","Dramas, International Movies","18"
"Canada","Children & Family Movies, Comedies","17"
"Spain","Crime TV Shows, International TV Shows, Spanish-Language TV Shows","16"
"France","Dramas, International Movies","16"
" China","Action & Adventure, International Movies","13"
"Colombia","Crime TV Shows, International TV Shows, Spanish-Language TV Shows","12"
" Germany","Dramas, Independent Movies, International Movies","11"
" Japan","Kids' TV","9"
"Argentina","Dramas, International Movies","9"
"China","Action & Adventure, International Movies","9"
"Brazil","Stand-Up Comedy","9"
" United Kingdom","Children & Family Movies, Comedies","8"
"Italy","Documentaries, International Movies","8"
" United Kingdom","Documentaries, International Movies","8"
" United Kingdom","Documentaries","8"
"Germany","Documentaries, International Movies","7"
" Belgium","Dramas, Independent Movies, International Movies","7"
" Belgium","Dramas, International Movies","7"
"Germany","Dramas, Independent Movies, International Movies","7"
"Germany","Crime TV Shows, International TV Shows, TV Dramas","7"
"Singapore","International TV Shows, TV Dramas","6"
" Italy","Documentaries, International Movies","6"
"Australia","Docuseries, International TV Shows, Science & Nature TV","6"
" South Korea","Children & Family Movies, Comedies","6"
"Poland","Crime TV Shows, International TV Shows, TV Dramas","6"
" Hong Kong","Action & Adventure, International Movies","6"
"Thailand","Horror Movies, International Movies","6"
"Thailand","International TV Shows, Romantic TV Shows, TV Dramas","6"
"Denmark","Dramas, Independent Movies, International Movies","5"
" Netherlands","Documentaries, International Movies","5"
"South Africa","Comedies, International Movies, Romantic Movies","5"
"South Africa","Dramas, International Movies","5"
" Mexico","Documentaries, International Movies","5"
"Netherlands","Dramas, International Movies","4"
" Sweden","Dramas, Independent Movies, International Movies","4"
" Switzerland","Dramas, International Movies","4"
"Russia","Kids' TV","4"
"Pakistan","Dramas, Independent Movies, International Movies","4"
" India","Dramas","4"
" Australia","Children & Family Movies, Comedies","4"
"Belgium","Crime TV Shows, International TV Shows, TV Dramas","4"
" Spain","Dramas, International Movies, Thrillers","4"
"Lebanon","Documentaries, International Movies","4"
"Malaysia","Dramas, International Movies","4"
" Australia","Dramas, International Movies","4"
"Russia","Crime TV Shows, International TV Shows, TV Dramas","4"
" South Africa","Documentaries, International Movies","4"
" Spain","Dramas, International Movies","4"
"Chile","Dramas, Independent Movies, International Movies","4"
" Poland","Dramas, International Movies","4"
" Austria","Dramas, Independent Movies, International Movies","3"
" New Zealand","Kids' TV","3"
" Norway","Dramas, International Movies","3"
"United Arab Emirates","Comedies, Dramas, International Movies","3"
" Argentina","Dramas, International Movies","3"
" Colombia","Crime TV Shows, International TV Shows, Spanish-Language TV Shows","3"
" Greece","Movies","2"
" Greece","Dramas, Independent Movies","2"
" Brazil","Dramas, International Movies, Thrillers","2"
" Czech Republic","Dramas, International Movies","2"
" Hungary","Dramas","2"
" United Arab Emirates","Dramas, Independent Movies, International Movies","2"
" United Arab Emirates","Documentaries","2"
" Cayman Islands","Children & Family Movies, Comedies","2"
"Sweden","Documentaries, International Movies, Music & Musicals","2"
"Sweden","Documentaries","2"
"Sweden","International TV Shows, TV Dramas","2"
"Switzerland","Comedies, Dramas, International Movies","2"
" Denmark","Documentaries, International Movies","2"
" Israel","Documentaries, International Movies","2"
" Czech Republic","Crime TV Shows, Docuseries, International TV Shows","2"
" United Arab Emirates","Documentaries, International Movies","2"
" Morocco","Dramas, Faith & Spirituality","2"
"Uruguay","Documentaries, International Movies","2"
"Uruguay","Comedies, Dramas, International Movies","2"
"Venezuela","Documentaries, International Movies","2"
"Austria","Dramas, International Movies","2"
"Ghana","Comedies, Dramas, International Movies","2"
" Zimbabwe","Documentaries, International Movies","2"
" Lebanon","Dramas, International Movies","2"
" Jordan","Comedies, Dramas, International Movies","2"
"Iceland","Crime TV Shows, International TV Shows, TV Dramas","2"
"Finland","Crime TV Shows, International TV Shows, TV Dramas","2"
"Ireland","Dramas, Independent Movies","2"
"Ireland","Children & Family Movies","2"
"Israel","International TV Shows, TV Action & Adventure, TV Dramas","2"
"Israel","Dramas, Independent Movies, International Movies","2"
"Israel","Documentaries, International Movies","2"
"Czech Republic","Dramas, International Movies","2"
" Iraq","Documentaries, International Movies","2"
" Singapore","Dramas, International Movies","2"
"Kuwait","Comedies, Dramas, International Movies","2"
" Singapore","Action & Adventure, International Movies","2"
" Peru","Documentaries, International Movies","2"
"New Zealand","Action & Adventure, Sci-Fi & Fantasy","2"
"New Zealand","Documentaries, Sports Movies","2"
"New Zealand","Dramas","2"
" Serbia","Dramas, International Movies","2"
"Norway","Dramas, International Movies","2"
"Norway","International TV Shows, TV Dramas, TV Thrillers","2"
" Finland","Documentaries, International Movies","2"
"Peru","Documentaries, International Movies","2"
" Uruguay","Documentaries, International Movies","2"
"Romania","Dramas, International Movies","2"
"Romania","Comedies, Dramas, International Movies","2"
"Romania","Comedies, International Movies","2"
"Saudi Arabia","Comedies, International Movies","2"
"Saudi Arabia","International TV Shows, TV Dramas","2"
" Russia","Action & Adventure, Dramas, International Movies","1"
" Samoa","Documentaries, Sports Movies","1"
" Senegal","Documentaries","1"
" Senegal","Dramas, Independent Movies, International Movies","1"
" Slovakia","Dramas, International Movies","1"
" Slovenia","Horror Movies, Independent Movies, Sci-Fi & Fantasy","1"
" Slovenia","Dramas, International Movies","1"
" Soviet Union","Dramas, International Movies, Romantic Movies","1"
" Soviet Union","Dramas, International Movies, Music & Musicals","1"
" Sri Lanka","Documentaries, International Movies","1"
" Sudan","Dramas","1"
" Syria","International TV Shows, TV Dramas","1"
" Taiwan","International Movies, Music & Musicals","1"
" Taiwan","Dramas, International Movies, Music & Musicals","1"
" Taiwan","Documentaries, Sports Movies","1"
" Thailand","Documentaries","1"
" Thailand","Dramas","1"
" Thailand","Horror Movies, International Movies","1"
" Thailand","Horror Movies","1"
" Turkey","Horror Movies, International Movies, Thrillers","1"
" Turkey","Dramas, Independent Movies, International Movies","1"
" Uganda","Documentaries","1"
" Ukraine","Documentaries, International Movies","1"
" Vatican City","Documentaries, Faith & Spirituality, International Movies","1"
" Venezuela","Documentaries","1"
" West Germany","Horror Movies, International Movies, Thrillers","1"
" West Germany","International TV Shows, TV Comedies","1"
" West Germany","Children & Family Movies, Classic Movies, Comedies","1"
" West Germany","TV Dramas","1"
"Bangladesh","Dramas, Independent Movies, International Movies","1"
"Bangladesh","Comedies, Dramas, Independent Movies","1"
"Belarus","British TV Shows, Kids' TV, TV Comedies","1"
"Bulgaria","International Movies, Sci-Fi & Fantasy, Thrillers","1"
"Bulgaria","International Movies, Thrillers","1"
"Bulgaria","Horror Movies, Independent Movies","1"
"Bulgaria","Action & Adventure","1"
"Bulgaria","Action & Adventure, International Movies","1"
"Cambodia","Dramas","1"
"Cambodia","Action & Adventure, International Movies","1"
"Croatia","International TV Shows, TV Dramas","1"
"Croatia","Dramas, International Movies","1"
"Cyprus","Kids' TV, TV Comedies","1"
"Georgia","Dramas, Independent Movies, International Movies","1"
"Georgia","Documentaries, International Movies","1"
"Greece","Documentaries, LGBTQ Movies","1"
"Guatemala","Dramas, Independent Movies, International Movies","1"
"Hungary","Dramas, International Movies, Romantic Movies","1"
"Hungary","Action & Adventure, Dramas, International Movies","1"
"Hungary","Dramas, International Movies","1"
"Hungary","Children & Family Movies","1"
"Iran","Dramas, International Movies","1"
"Jamaica","Dramas, International Movies, Sports Movies","1"
"Jordan","International TV Shows, TV Dramas, TV Mysteries","1"
"Kenya","International Movies, Thrillers","1"
"Kenya","Comedies, International Movies, Romantic Movies","1"
"Kenya","Documentaries","1"
"Mauritius","International TV Shows, TV Dramas","1"
"Namibia","Dramas, International Movies","1"
"Paraguay","Action & Adventure, International Movies","1"
"Portugal","Dramas, International Movies, Sports Movies","1"
"Portugal","Dramas, Independent Movies, Romantic Movies","1"
"Puerto Rico","Crime TV Shows, International TV Shows, Spanish-Language TV Shows","1"
"Senegal","Crime TV Shows, International TV Shows, TV Dramas","1"
"Serbia","Dramas, Thrillers","1"
"Serbia","Horror Movies, Independent Movies, Sci-Fi & Fantasy","1"
"Serbia","Action & Adventure, Sci-Fi & Fantasy","1"
"Slovenia","Comedies, Independent Movies, International Movies","1"
"Somalia","Dramas","1"
"Soviet Union","Action & Adventure, International Movies, Sci-Fi & Fantasy","1"
"Ukraine","International TV Shows, TV Comedies","1"
"Ukraine","Crime TV Shows, International TV Shows, TV Dramas","1"
"Vietnam","Horror Movies, International Movies, Thrillers","1"
"Vietnam","Action & Adventure, Comedies, International Movies","1"
"Vietnam","Documentaries, International Movies, Music & Musicals","1"
"Vietnam","Comedies, Dramas, International Movies","1"
"Vietnam","Action & Adventure, Dramas, International Movies","1"
"West Germany","Documentaries, International Movies","1"
"","Classic Movies, Dramas, International Movies","1"
"Zimbabwe","Comedies, International Movies, Romantic Movies","1"
"","Dramas, International Movies","1"
"","Documentaries","1"
"","Documentaries, International Movies","1"
" Afghanistan","Documentaries, International Movies","1"
" Albania","Dramas, International Movies","1"
" Algeria","Dramas, International Movies","1"
" Algeria","Classic Movies, Dramas, International Movies","1"
" Angola","Action & Adventure, International Movies","1"
" Armenia","Documentaries, International Movies","1"
" Azerbaijan","International TV Shows, Romantic TV Shows, TV Dramas","1"
" Bahamas","Action & Adventure","1"
" Bangladesh","Dramas, Independent Movies, International Movies","1"
" Bermuda","Documentaries","1"
" Botswana","Documentaries","1"
" Bulgaria","Children & Family Movies","1"
" Bulgaria","Action & Adventure, Dramas","1"
" Bulgaria","Action & Adventure","1"
" Bulgaria","Dramas, International Movies, Thrillers","1"
" Cambodia","Children & Family Movies, Comedies","1"
" Cambodia","Dramas, International Movies","1"
" Cambodia","Action & Adventure, International Movies, Sci-Fi & Fantasy","1"
" Chile","Horror Movies, Thrillers","1"
" Chile","Action & Adventure, Horror Movies","1"
" Chile","Comedies, International Movies, Sports Movies","1"
" Chile","Crime TV Shows, International TV Shows, Spanish-Language TV Shows","1"
" Chile","Dramas, International Movies","1"
" Croatia","Dramas, Independent Movies","1"
" Croatia","Comedies, Independent Movies, International Movies","1"
" Cuba","Crime TV Shows, International TV Shows, Spanish-Language TV Shows","1"
" Dominican Republic","Horror Movies, International Movies, Thrillers","1"
" East Germany","Children & Family Movies, Classic Movies, Comedies","1"
" Ecuador","Documentaries","1"
" Egypt","Documentaries, International Movies","1"
" Egypt","Dramas, International Movies, Romantic Movies","1"
" Egypt","Dramas, International Movies","1"
" Egypt","International TV Shows, TV Dramas","1"
" Egypt","Classic Movies, Dramas, International Movies","1"
" Guatemala","Documentaries, International Movies","1"
" Iceland","Dramas, Thrillers","1"
" Iceland","Action & Adventure, Dramas, Romantic Movies","1"
" Iceland","Dramas, Independent Movies","1"
" Iceland","Dramas, Independent Movies, Sci-Fi & Fantasy","1"
" Indonesia","Action & Adventure, Sci-Fi & Fantasy","1"
" Indonesia","Documentaries, International Movies","1"
" Indonesia","Dramas, Romantic Movies, Sci-Fi & Fantasy","1"
" Indonesia","Kids' TV","1"
" Iran","Classic Movies, Dramas, Independent Movies","1"
" Iran","Horror Movies, International Movies, Thrillers","1"
" Iran","Dramas, Independent Movies, International Movies","1"
" Ireland","Documentaries, International Movies","1"
" Ireland","Dramas, Romantic Movies","1"
" Ireland","Documentaries, International Movies, Sports Movies","1"
" Ireland","Children & Family Movies","1"
" Ireland","Comedies, Horror Movies","1"
" Ireland","Dramas, International Movies","1"
" Ireland","British TV Shows, International TV Shows, TV Action & Adventure","1"
" Ireland","Crime TV Shows, International TV Shows, TV Dramas","1"
" Ireland","Dramas, Independent Movies, International Movies","1"
" Ireland","British TV Shows, Crime TV Shows, TV Dramas","1"
" Ireland","Kids' TV","1"
" Ireland","Comedies, Romantic Movies","1"
" Ireland","TV Dramas","1"
" Ireland","British TV Shows, Kids' TV","1"
" Kazakhstan","Children & Family Movies","1"
" Kenya","Dramas","1"
" Kenya","Dramas, International Movies, Thrillers","1"
" Kuwait","International TV Shows, TV Dramas","1"
" Latvia","Dramas, International Movies","1"
" Liechtenstein","Classic Movies, Dramas, Romantic Movies","1"
" Lithuania","Dramas, International Movies","1"
" Luxembourg","Action & Adventure, Dramas, Independent Movies","1"
" Luxembourg","Kids' TV","1"
" Luxembourg","Children & Family Movies","1"
" Luxembourg","Dramas, International Movies","1"
" Luxembourg","Dramas, Independent Movies, International Movies","1"
" Luxembourg","Dramas, International Movies, Sci-Fi & Fantasy","1"
" Luxembourg","Dramas, International Movies, Thrillers","1"
" Luxembourg","Action & Adventure, Dramas","1"
" Luxembourg","Children & Family Movies, Dramas","1"
" Luxembourg","Action & Adventure, International Movies","1"
" Luxembourg","Children & Family Movies, Dramas, International Movies","1"
" Malawi","Children & Family Movies, Dramas, Independent Movies","1"
" Malaysia","International TV Shows, TV Dramas, TV Mysteries","1"
" Malaysia","Horror Movies, International Movies","1"
" Malaysia","Comedies, Dramas, International Movies","1"
" Malta","Thrillers","1"
" Malta","Dramas, Romantic Movies","1"
" Malta","Crime TV Shows, TV Action & Adventure, TV Dramas","1"
" Mongolia","Documentaries, International Movies","1"
" Montenegro","Dramas, International Movies","1"
" Namibia","Documentaries, International Movies","1"
" Nepal","Action & Adventure, Comedies, International Movies","1"
" Nepal","Comedies, Dramas, International Movies","1"
" Nicaragua","Documentaries","1"
" Nigeria","Action & Adventure, Dramas, International Movies","1"
" Nigeria","Comedies, International Movies, Romantic Movies","1"
" Nigeria","Comedies, Dramas, International Movies","1"
" Nigeria","Dramas, International Movies","1"
" Nigeria","Dramas, Independent Movies","1"
" Pakistan","Comedies, Dramas, International Movies","1"
" Pakistan","Dramas, International Movies, Music & Musicals","1"
" Panama","Documentaries, Sports Movies","1"
" Philippines","Documentaries, International Movies","1"
" Philippines","Dramas, International Movies, LGBTQ Movies","1"
" Philippines","Children & Family Movies, Dramas, International Movies","1"
" Portugal","Dramas, Independent Movies, International Movies","1"
" Portugal","Comedies, Dramas, International Movies","1"
" Qatar","Dramas, International Movies, Thrillers","1"
" Qatar","Children & Family Movies, Dramas","1"
" Qatar","Comedies, Independent Movies, International Movies","1"
" Qatar","Dramas, International Movies","1"
" Qatar","Horror Movies, International Movies, Thrillers","1"
" Qatar","Dramas, Independent Movies, International Movies","1"
" Qatar","Comedies, Dramas, International Movies","1"
" Romania","International Movies, Sci-Fi & Fantasy, Thrillers","1"
" Romania","Dramas, International Movies, Thrillers","1"
" Russia","Documentaries, International Movies, Sports Movies","1"
" Russia","Kids' TV","1"
" Russia","Horror Movies, Thrillers","1"
" Russia","Docuseries, International TV Shows, Science & Nature TV","1"
" Russia","Documentaries, International Movies","1"
" Russia","Action & Adventure","1"
